t,diff,hist,ssim,votes,spike,stable
0.50,0.0058,0.0818,0.9619,2,1,0
1.00,0.0098,0.0932,0.9399,2,1,0
1.50,0.0059,0.0851,0.9539,2,1,0
2.00,0.0035,0.0789,0.9721,0,0,0
2.50,0.0043,0.0613,0.9649,1,0,0
3.00,0.0061,0.1288,0.9582,2,1,0
3.50,0.0058,0.0781,0.9555,2,1,0
4.00,0.0068,0.0958,0.9538,2,1,0
4.50,0.0031,0.0695,0.9765,0,0,0
5.00,0.0040,0.0655,0.9691,1,0,0
5.51,0.0034,0.0712,0.9754,0,0,0
6.01,0.0033,0.0818,0.9725,0,0,0
6.51,0.0062,0.0813,0.9573,2,1,0
7.01,0.0131,0.0924,0.9124,2,1,0
7.51,0.0076,0.1261,0.9427,2,1,0
8.01,0.0051,0.0768,0.9634,2,1,0
8.51,0.0165,0.0884,0.9053,2,1,0
9.01,0.0251,0.0969,0.8850,2,1,0
9.51,0.0037,0.0808,0.9770,0,0,0
10.01,0.0225,0.0960,0.8918,2,1,0
10.51,0.0090,0.0773,0.9341,2,1,0
11.01,0.0063,0.2036,0.9766,1,0,0
11.51,0.0046,0.0838,0.9701,1,0,0
12.01,0.3252,0.7064,0.1604,2,1,0
12.51,0.0031,0.1763,0.9883,0,0,0
13.01,0.0001,0.0226,0.9998,0,0,1
13.51,0.0002,0.0353,0.9996,0,0,1
14.01,0.0001,0.0261,0.9996,0,0,1
14.51,0.0001,0.0183,0.9997,0,0,1
15.02,0.0000,0.0055,0.9999,0,0,1
15.52,0.0008,0.0715,0.9979,0,0,1
16.02,0.0023,0.1472,0.9917,0,0,1
16.52,0.0001,0.0296,0.9997,0,0,1
17.02,0.0000,0.0217,1.0000,0,0,1
17.52,0.0000,0.0118,1.0000,0,0,1
18.02,0.0001,0.0448,0.9997,0,0,1
18.52,0.0001,0.0157,0.9997,0,0,1
19.02,0.0000,0.0394,1.0000,0,0,1
19.52,0.0001,0.0349,0.9998,0,0,1
20.02,0.0022,0.1360,0.9924,0,0,1
20.52,0.0001,0.0278,0.9996,0,0,1
21.02,0.0000,0.0186,1.0000,0,0,1
21.52,0.0000,0.0189,0.9999,0,0,1
22.02,0.0001,0.0306,0.9996,0,0,1
22.52,0.0001,0.0208,0.9996,0,0,1
23.02,0.0000,0.0080,1.0000,0,0,1
23.52,0.0000,0.0104,1.0000,0,0,1
24.02,0.0001,0.0250,0.9996,0,0,1
24.52,0.0021,0.1275,0.9928,0,0,1
25.03,0.0000,0.0016,1.0000,0,0,1
25.53,0.0001,0.0307,0.9998,0,0,1
26.03,0.0001,0.0247,0.9997,0,0,1
26.53,0.0001,0.0249,0.9997,0,0,1
27.03,0.0000,0.0075,1.0000,0,0,1
27.53,0.0001,0.0261,0.9999,0,0,1
28.03,0.0001,0.0292,0.9996,0,0,1
28.53,0.0021,0.1255,0.9930,0,0,1
29.03,0.0001,0.0257,0.9999,0,0,1
29.53,0.0000,0.0034,1.0000,0,0,1
30.03,0.0002,0.0372,0.9996,0,0,1
30.53,0.0001,0.0218,0.9997,0,0,1
31.03,0.0000,0.0243,0.9999,0,0,1
31.53,0.0000,0.0207,0.9999,0,0,1
32.03,0.0003,0.0462,0.9994,0,0,1
32.53,0.0001,0.0244,0.9996,0,0,1
33.03,0.0020,0.1238,0.9929,0,0,1
33.53,0.0000,0.0148,1.0000,0,0,1
34.03,0.0001,0.0323,0.9996,0,0,1
34.53,0.0001,0.0159,0.9997,0,0,1
35.04,0.0000,0.0063,1.0000,0,0,1
35.54,0.0001,0.0429,0.9998,0,0,1
36.04,0.0002,0.0361,0.9996,0,0,1
36.54,0.0001,0.0225,0.9997,0,0,1
37.04,0.0004,0.0503,0.9988,0,0,1
37.54,0.0020,0.1203,0.9933,0,0,1
38.04,0.0001,0.0331,0.9996,0,0,1
38.54,0.0001,0.0180,0.9997,0,0,1
39.04,0.0000,0.0247,0.9999,0,0,1
39.54,0.0000,0.0086,1.0000,0,0,1
40.04,0.0002,0.0336,0.9996,0,0,1
40.54,0.0001,0.0262,0.9996,0,0,1
41.04,0.0000,0.0018,1.0000,0,0,1
41.54,0.0020,0.1273,0.9929,0,0,1
42.04,0.0001,0.0325,0.9997,0,0,1
42.54,0.0001,0.0342,0.9997,0,0,1
43.04,0.0000,0.0136,1.0000,0,0,1
43.54,0.0000,0.0028,1.0000,0,0,1
44.04,0.0001,0.0240,0.9997,0,0,1
44.54,0.0001,0.0276,0.9997,0,0,1
45.05,0.0000,0.0160,1.0000,0,0,1
45.55,0.0001,0.0288,0.9997,0,0,1
46.05,0.0013,0.0984,0.9963,0,0,1
46.55,0.0001,0.0216,0.9997,0,0,1
47.05,0.0000,0.0148,1.0000,0,0,1
47.55,0.0001,0.0307,0.9998,0,0,1
48.05,0.0001,0.0238,0.9997,0,0,1
48.55,0.0001,0.0179,0.9997,0,0,1
49.05,0.0000,0.0017,1.0000,0,0,1
49.55,0.0000,0.0089,1.0000,0,0,1
50.05,0.0021,0.1281,0.9928,0,0,1
50.55,0.0001,0.0351,0.9996,0,0,1
51.05,0.0000,0.0104,0.9999,0,0,1
51.55,0.0000,0.0009,1.0000,0,0,1
52.05,0.0001,0.0234,0.9997,0,0,1
52.55,0.0001,0.0179,0.9997,0,0,1
53.05,0.0000,0.0020,1.0000,0,0,1
53.55,0.0000,0.0021,1.0000,0,0,1
54.05,0.0020,0.1268,0.9928,0,0,1
54.55,0.0001,0.0223,0.9997,0,0,1
55.05,0.0000,0.0287,1.0000,0,0,1
55.56,0.0000,0.0309,1.0000,0,0,1
56.06,0.0001,0.0192,0.9997,0,0,1
56.56,0.0002,0.0343,0.9995,0,0,1
57.06,0.0000,0.0009,1.0000,0,0,1
57.56,0.0000,0.0226,0.9999,0,0,1
58.06,0.0001,0.0180,0.9997,0,0,1
58.56,0.0021,0.1215,0.9928,0,0,1
59.06,0.0000,0.0189,1.0000,0,0,1
59.56,0.0000,0.0024,1.0000,0,0,1
60.06,0.0001,0.0229,0.9997,0,0,1
60.56,0.0001,0.0171,0.9997,0,0,1
61.06,0.0000,0.0152,1.0000,0,0,1
61.56,0.0000,0.0230,0.9999,0,0,1
62.06,0.0001,0.0215,0.9997,0,0,1
62.56,0.0002,0.0319,0.9995,0,0,1
63.06,0.0010,0.0822,0.9971,0,0,1
63.56,0.0001,0.0304,0.9999,0,0,1
64.06,0.0001,0.0177,0.9997,0,0,1
64.56,0.0001,0.0169,0.9997,0,0,1
65.06,0.0000,0.0136,1.0000,0,0,1
65.57,0.0000,0.0208,0.9999,0,0,1
66.07,0.0001,0.0257,0.9997,0,0,1
66.57,0.0001,0.0200,0.9997,0,0,1
67.07,0.0020,0.1218,0.9930,0,0,1
67.57,0.0001,0.0315,0.9999,0,0,1
68.07,0.0001,0.0220,0.9997,0,0,1
68.57,0.0001,0.0129,0.9997,0,0,1
69.07,0.0002,0.0444,0.9997,0,0,1
69.57,0.0001,0.0334,0.9998,0,0,1
70.07,0.0001,0.0271,0.9997,0,0,1
70.57,0.0001,0.0235,0.9997,0,0,1
71.07,0.0005,0.0580,0.9988,0,0,1
71.57,0.0020,0.1200,0.9934,0,0,1
72.07,0.0001,0.0195,0.9996,0,0,1
72.57,0.0002,0.0378,0.9995,0,0,1
73.07,0.0001,0.0287,0.9999,0,0,1
73.57,0.0000,0.0166,0.9999,0,0,1
74.07,0.0002,0.0348,0.9996,0,0,1
74.57,0.0001,0.0242,0.9996,0,0,1
75.08,0.0000,0.0239,0.9999,0,0,1
75.58,0.0005,0.0562,0.9988,0,0,1
76.08,0.0020,0.1245,0.9932,0,0,1
76.58,0.0001,0.0193,0.9996,0,0,1
77.08,0.0000,0.0265,1.0000,0,0,1
77.58,0.0000,0.0224,1.0000,0,0,1
78.08,0.0001,0.0177,0.9996,0,0,1
78.58,0.0001,0.0174,0.9996,0,0,1
79.08,0.0000,0.0257,0.9999,0,0,1
79.58,0.0001,0.0256,0.9997,0,0,1
80.08,0.0013,0.1018,0.9961,0,0,1
80.58,0.0001,0.0231,0.9997,0,0,1
81.08,0.0000,0.0068,1.0000,0,0,1
81.58,0.0000,0.0173,1.0000,0,0,1
82.08,0.0001,0.0170,0.9997,0,0,1
82.58,0.0001,0.0253,0.9997,0,0,1
83.08,0.0000,0.0090,1.0000,0,0,1
83.58,0.0000,0.0173,1.0000,0,0,1
84.08,0.0020,0.1279,0.9928,0,0,1
84.58,0.0001,0.0211,0.9997,0,0,1
85.09,0.0000,0.0019,1.0000,0,0,1
85.59,0.0000,0.0085,1.0000,0,0,1
86.09,0.0001,0.0174,0.9997,0,0,1
86.59,0.0001,0.0172,0.9997,0,0,1
87.09,0.0000,0.0020,1.0000,0,0,1
87.59,0.0002,0.0458,0.9997,0,0,1
88.09,0.0001,0.0227,0.9997,0,0,1
88.59,0.0021,0.1321,0.9929,0,0,1
89.09,0.0000,0.0028,1.0000,0,0,1
89.59,0.0000,0.0000,1.0000,0,0,1
90.09,0.0001,0.0317,0.9997,0,0,1
90.59,0.0001,0.0155,0.9997,0,0,1
91.09,0.0000,0.0099,0.9999,0,0,1
91.59,0.0002,0.0386,0.9997,0,0,1
92.09,0.0002,0.0263,0.9996,0,0,1
92.59,0.0021,0.1225,0.9929,0,0,1
93.09,0.0000,0.0198,1.0000,0,0,1
93.59,0.0000,0.0114,1.0000,0,0,1
94.09,0.0001,0.0228,0.9996,0,0,1
94.59,0.0001,0.0213,0.9997,0,0,1
95.09,0.0000,0.0097,1.0000,0,0,1
95.60,0.0000,0.0132,1.0000,0,0,1
96.10,0.0001,0.0285,0.9996,0,0,1
96.60,0.0002,0.0351,0.9995,0,0,1
97.10,0.0021,0.1265,0.9929,0,0,1
97.60,0.0000,0.0190,0.9999,0,0,1
98.10,0.0001,0.0161,0.9997,0,0,1
98.60,0.0001,0.0160,0.9997,0,0,1
99.10,0.0000,0.0029,1.0000,0,0,1
99.60,0.0000,0.0084,1.0000,0,0,1
